instance_name,min_cost,time_elapsed
rail507,206,2.7943739891052246
rail516,197,2.2452523708343506
